,x1,x2,LAG_response,Prob(response < 0),Predicted correctly,Date
1,-1.5865986838350299,0.3169729605904501,True,0.79573274,1,8/31/1958
2,-1.0928233818213087,1.698637860485291,False,0.4047184,1,9/30/1958
3,-0.32530427630346836,-0.9105979947816771,True,0.6383974,1,10/31/1958
4,0.7752994628527958,-0.7555887499299798,False,0.21301958,1,11/30/1958
5,-0.10890681362398723,-1.4113992800111461,True,0.6955291,1,12/31/1958
6,-0.7176984094273742,-1.0902776323598662,True,0.75781727,1,1/31/1959
7,-0.2860987599288248,1.7649871264662582,False,0.22992879,1,2/28/1959
8,-0.7681338731240873,-0.627616522701712,True,0.6900225,1,3/31/1959
9,-0.49709492627635193,-0.35401813754472494,False,0.56838286,0,4/30/1959
10,-1.3318879501311176,-1.7128889199332584,False,0.9128661,0,5/31/1959
11,0.3985296567059548,0.11028308721146324,False,0.2513776,1,6/30/1959
12,0.8180657059824441,-0.20585806966092485,False,0.2031365,1,7/31/1959
13,0.43877089635945826,1.2412540279978346,False,0.24140084,1,8/31/1959
14,0.19936475607608006,0.09057809493597054,False,0.2725261,1,9/30/1959
15,1.3323305366559892,-1.098133204351233,False,0.15712076,1,10/31/1959
16,1.564754192635184,-0.5994718627280958,False,0.14641103,1,11/30/1959
17,-1.0100660450050742,-0.8066912416753411,True,0.7725334,1,12/31/1959
18,0.43545236115793917,0.49274815655926874,False,0.27395207,1,1/31/1960
19,1.061506133796599,-0.8727876376280505,False,0.18032485,1,2/29/1960
20,1.6884356791500632,-0.2837865741332259,False,0.144063,1,3/31/1960
21,0.30098565880287653,-0.971981639220795,False,0.42064345,1,4/30/1960
22,1.5614473106406148,0.4404953624577047,False,0.18719172,1,5/31/1960
23,-1.604481954257847,-0.9899494540054933,True,0.88975394,1,6/30/1960
24,-0.8883497611752059,-0.9086181928933885,True,0.76108134,1,7/31/1960
25,-0.9467871867394013,-1.059282704235024,True,0.79477763,1,8/31/1960
26,0.255821843401421,-1.1087370215944428,False,0.48022008,1,9/30/1960
27,1.2051878451947091,-0.10200954416398504,False,0.17823142,1,10/31/1960
28,-0.15845987505526749,-0.11290645944211312,False,0.41951895,1,11/30/1960
29,-0.7931617428813826,0.9638293621112067,False,0.44367823,1,12/31/1960
30,0.5890619834659591,-0.8863074835130041,False,0.27694356,1,1/31/1961
31,-0.0790286944563614,0.5664660033301496,False,0.27789068,1,2/28/1961
32,1.0218978329466915,-0.36612672192759166,False,0.18522328,1,3/31/1961
33,1.2708894149602434,0.5967591873407255,False,0.22544253,1,4/30/1961
34,1.663987732737784,-0.48663163550898125,False,0.14207032,1,5/31/1961
35,0.6588387020446976,1.7006633965952318,False,0.22968891,1,6/30/1961
36,1.1716683327572837,-1.7072701047751049,False,0.22723845,1,7/31/1961
37,-0.20901849688103186,-1.5339865132025874,True,0.7396299,1,8/31/1961
38,-0.8873801448846028,-0.11261327016335174,True,0.65497845,1,9/30/1961
39,-0.6061743457639063,-0.6156515420903313,True,0.64533687,1,10/31/1961
40,0.04898750924893213,0.5690475776651014,False,0.2687317,1,11/30/1961
41,1.0133197756974703,-1.2850589225959392,False,0.21245176,1,12/31/1961
42,0.5265836670034181,0.5847707377600921,False,0.2737295,1,1/31/1962
43,0.1311694262063591,-0.1442050751517383,False,0.3033027,1,2/28/1962
44,-1.2659960766535878,1.3769955579185311,False,0.55051976,0,3/31/1962
45,1.667848704125474,1.3871834892343826,True,0.26597637,0,4/30/1962
46,-0.24784461723456386,1.4912215176652537,False,0.24059832,1,5/31/1962
47,-0.28902076142411637,1.4534493653615361,False,0.24552488,1,6/30/1962
48,-1.595147002365437,-0.7951043790590426,True,0.8753347,1,7/31/1962
49,-0.9231254949075333,-1.4257668759514905,True,0.84033275,1,8/31/1962
50,-0.6480780892443053,-1.6731567165238992,True,0.83315206,1,9/30/1962
51,-1.681165151210539,0.5933894644814938,True,0.79477274,1,10/31/1962
52,0.6174897915563047,-0.7600619284507524,False,0.2476641,1,11/30/1962
53,1.1284696432371986,-0.5823649985263158,False,0.17517352,1,12/31/1962
54,0.8977412670385981,1.4826700587124702,False,0.25296634,1,1/31/1963
55,1.1272832556526673,1.4581583091993684,False,0.26627418,1,2/28/1963
56,-0.008860790497652874,-0.2587093058088798,False,0.39994198,1,3/31/1963
57,0.11621664757221342,-0.3669026806253747,False,0.36439797,1,4/30/1963
58,1.0552918255431116,-0.5562893541085553,False,0.18084452,1,5/31/1963
59,1.5046671610191305,-0.6948018805824275,False,0.14890179,1,6/30/1963
60,-1.1544586945405952,-1.1143731046498981,True,0.83585,1,7/31/1963
61,1.0413902286660683,1.7044977699518775,False,0.24987307,1,8/31/1963
62,-1.5279082112209406,0.4162547510430581,True,0.77394295,1,9/30/1963
63,0.11481304532728309,-0.12165114127012265,False,0.30483925,1,10/31/1963
64,-0.4408480016407577,-0.626204322440855,True,0.6053213,1,11/30/1963
65,1.0765211495628288,-0.6209669205842703,False,0.17872739,1,12/31/1963
66,-0.6390600134638819,0.5803196384946546,False,0.4628841,1,1/31/1964
67,0.6086516300499252,0.8934415190527912,False,0.26669234,1,2/29/1964
68,-1.0726537595262076,-0.9540289533671544,True,0.8027749,1,3/31/1964
69,-1.6686360999789576,1.4673321810089324,True,0.68683195,1,4/30/1964
70,1.5195299502238147,0.13274093255287422,False,0.1689494,1,5/31/1964
71,0.865270091132492,-0.08269710571236263,False,0.20224959,1,6/30/1964
72,1.223434443967881,0.17303107276105598,False,0.19049382,1,7/31/1964
73,-0.31149691225703946,-0.02879158029677022,False,0.45753556,1,8/31/1964
74,0.7694002362989607,1.4558334774919375,False,0.24680942,1,9/30/1964
75,0.21578775189476412,0.8777275710765724,False,0.25194523,1,10/31/1964
76,-1.6553609991273717,0.7421247861927186,True,0.7780601,1,11/30/1964
77,1.5993746922452146,1.1522624426810297,True,0.25210708,0,12/31/1964
78,1.136900858907414,-1.1681576038810977,False,0.17988595,1,1/31/1965
79,1.189484825905525,0.7326197483640918,False,0.24545729,1,2/28/1965
80,-0.23586694632222852,0.8278144059772212,False,0.27919346,1,3/31/1965
81,-1.30440712569487,-0.9357100849149816,True,0.84237564,1,4/30/1965
82,1.1299014498736646,-1.2195726163171274,False,0.1840263,1,5/31/1965
83,1.574882801931653,-0.8376149452072168,False,0.14297506,1,6/30/1965
84,-0.7121951335703116,-0.695179521302023,True,0.68646073,1,7/31/1965
85,1.2080168985748319,0.7830989814924352,False,0.24880087,1,8/31/1965
86,-1.1337657304917417,0.5462594804977475,False,0.65676594,0,9/30/1965
87,-0.36580211342971397,0.2411622257159246,False,0.4290131,1,10/31/1965
88,1.4515318730500417,-1.2913862532143285,False,0.14824453,1,11/30/1965
89,1.452581300542167,0.41932685052369295,False,0.19324678,1,12/31/1965
90,0.031147885986057867,-1.4779203458657995,True,0.66989446,1,1/31/1966
91,1.6575408229126838,-0.20800298605670456,False,0.14777964,1,2/28/1966
92,-0.7702392686365649,-0.6277881225408185,True,0.6906047,1,3/31/1966
93,-1.1693749303515695,-0.2890481871926327,True,0.7515787,1,4/30/1966
94,-0.15053073525799723,0.4468781061638694,False,0.30024642,1,5/31/1966
95,-1.6623081939041577,-0.531319535937566,True,0.8679718,1,6/30/1966
96,-1.6273079369467967,1.7484277060213473,True,0.61808026,1,7/31/1966
97,0.6625978230770382,-0.023754918404329597,False,0.22014403,1,8/31/1966
98,1.4817248138322632,1.1475523460123338,False,0.26068896,1,9/30/1966
99,0.9269373244922057,-0.6166092146562882,False,0.19116086,1,10/31/1966
100,-0.7805068750674571,0.9285397424601614,False,0.44619244,1,11/30/1966
101,-0.9661705561996289,-0.041034022906806855,True,0.6694715,1,12/31/1966
102,1.1393863434193074,1.1224061236629623,False,0.273473,1,1/31/1967
103,1.5253773168647562,-1.5318995910425286,False,0.14591143,1,2/28/1967
104,-1.7074287723469337,1.2435148258290092,True,0.7381512,1,3/31/1967
105,0.8802415051227486,-0.4021887259743365,False,0.19567725,1,4/30/1967
106,1.1118966533991625,0.26668858921712973,False,0.20491892,1,5/31/1967
107,-1.4093314734533111,1.4363808621770122,True,0.5959346,1,6/30/1967
108,-1.5008962328642437,-0.4254151339981736,True,0.83404016,1,7/31/1967
109,-1.503914807955656,-0.9079377156133158,True,0.8707503,1,8/31/1967
110,-1.4600418837107616,-0.7840586626197518,True,0.854637,1,9/30/1967
111,0.23061181111805176,0.5347167026951687,False,0.26782882,1,10/31/1967
112,0.3128713695741493,-0.6162665062910762,False,0.3291068,1,11/30/1967
113,1.3100564160545776,-0.13808940743832251,False,0.17039445,1,12/31/1967
114,1.124823835503592,-0.3599902646554691,False,0.17795363,1,1/31/1968
115,-1.1802626039940791,1.6607255488651633,False,0.45054847,1,2/29/1968
116,0.9194845453125208,-0.543280487782337,False,0.19184563,1,3/31/1968
117,-1.1467343149951585,0.982273762789869,False,0.5849953,0,4/30/1968
118,0.06688757872263067,-0.3729203559607063,False,0.3927161,1,5/31/1968
119,-0.8681216302156729,1.3640016257528589,False,0.3863583,1,6/30/1968
120,-1.0192921731206606,0.5249549029374392,False,0.6234077,0,7/31/1968
121,1.379430446162603,-1.642579844877067,False,0.17293108,1,8/31/1968
122,0.7044184912011822,-1.5749542512457173,False,0.37614116,1,9/30/1968
123,1.0344406180656727,1.1328119663323488,False,0.27303705,1,10/31/1968
124,1.315783129412479,-0.34034541435538795,False,0.1654712,1,11/30/1968
125,-1.1618159352277726,-1.2664398320703312,True,0.85410213,1,12/31/1968
126,0.2642005637831695,0.7085678941404285,False,0.26021832,1,1/31/1969
127,0.7105980231152357,0.8817088364924336,False,0.271065,1,2/28/1969
128,0.2016780503164391,-1.2102049215286004,False,0.534301,0,3/31/1969
129,1.573293760787155,0.9009931753497674,False,0.23043457,1,4/30/1969
130,1.6225044769718466,0.3030189343876016,False,0.17255917,1,5/31/1969
131,1.1515518341440745,-0.192795108018588,False,0.17916769,1,6/30/1969
132,1.0961733317657556,-1.2643116554103773,False,0.19301724,1,7/31/1969
133,0.10296994486680278,-0.7209321519871615,False,0.46092623,1,8/31/1969
134,-1.0191131246331127,-0.013797934028747818,True,0.6817873,1,9/30/1969
135,0.14537984354079458,0.5427918512402069,False,0.2671543,1,10/31/1969
136,-0.9665917351468574,0.7147529422683672,False,0.57009095,0,11/30/1969
137,-0.2918478423471012,0.8707291016345112,False,0.2858404,1,12/31/1969
138,-1.0863122117864048,-1.150473934706561,True,0.8297229,1,1/31/1970
139,-1.4057669012796556,0.18120289240314288,True,0.7655935,1,2/28/1970
140,-1.0540009340782355,1.579612242973826,False,0.41533113,1,3/31/1970
141,0.8906876835095083,1.034250179290758,False,0.2721498,1,4/30/1970
142,-0.5862917840583369,0.7598384026493663,False,0.4028403,1,5/31/1970
143,1.4360502035990976,-1.711660182965797,False,0.1686458,1,6/30/1970
144,0.9329438736607948,-0.44290608564799994,False,0.1912187,1,7/31/1970
145,-0.6912841414406811,0.07649650633112427,False,0.57070816,0,8/31/1970
146,-1.4611980542992609,0.2492384165464008,True,0.7730458,1,9/30/1970
147,1.5649586805832003,0.9626297722875399,False,0.2368522,1,10/31/1970
148,-0.7427088744323483,1.6873807004771877,False,0.29781732,1,11/30/1970
149,1.543136449912102,1.742143310895193,True,0.27005497,0,12/31/1970
150,1.2585843353639121,0.8716060128712104,False,0.2532,1,1/31/1971
151,1.2360428054317825,0.9107986037020013,False,0.25857043,1,2/28/1971
152,0.8732937430463432,1.0981069600214008,False,0.26977113,1,3/31/1971
153,-0.9507289520661081,-1.6544036414334922,True,0.8696171,1,4/30/1971
154,-0.2800730133411174,0.8183460446641324,False,0.28873998,1,5/31/1971
155,-0.599304034922607,0.2597784139854473,False,0.51585263,0,6/30/1971
156,0.9933046334525569,-1.4180039006686416,False,0.23553005,1,7/31/1971
157,1.4698355945310373,0.2670131646232197,False,0.18010822,1,8/31/1971
158,1.3121571946209225,0.1230257724364704,False,0.18148735,1,9/30/1971
159,-0.4986421199098533,-0.5029528095061763,False,0.5948433,0,10/31/1971
160,-0.7482491364790543,-0.7491618196381166,True,0.70447785,1,11/30/1971
161,-1.2513787152285258,-0.9953454710004391,True,0.8390279,1,12/31/1971
162,-0.38488128985190573,-0.8833560329585649,True,0.64626265,1,1/31/1972
163,1.6719221423121335,-0.08857606759525913,False,0.15064365,1,2/29/1972
164,-1.2330241095899819,0.6609024912855171,True,0.67371494,1,3/31/1972
165,0.17483553570202934,-1.0738565323169895,False,0.5135197,0,4/30/1972
166,0.36762580920599325,-1.4760298190592025,False,0.5168004,0,5/31/1972
167,-0.45770307554151074,0.5606751022839565,False,0.39301768,1,6/30/1972
168,-0.8042832242617728,0.48392857230954095,False,0.5528516,0,7/31/1972
169,-1.504394720741627,1.0058972271702942,True,0.71124834,1,8/31/1972
170,-0.45168844977187955,-1.3526926474574585,True,0.75266373,1,9/30/1972
171,-1.4988935988775807,0.027286496116228617,True,0.79847705,1,10/31/1972
172,0.1962413614703879,0.7882776416156615,False,0.25580913,1,11/30/1972
173,1.6130527102328982,0.4253299250894432,False,0.18226194,1,12/31/1972
174,1.290510065777559,-0.5545070670654958,False,0.16408291,1,1/31/1973
175,-1.1703322702784102,-1.1895045449049324,True,0.8466307,1,2/28/1973
176,1.2392366464314348,-0.5933183270651147,False,0.16726574,1,3/31/1973
177,-0.8577061366289385,-0.1443774102056573,True,0.65026015,1,4/30/1973
178,-1.0443425445991645,-0.07701487432858273,True,0.6958084,1,5/31/1973
179,1.141895940783329,1.3318010242965816,False,0.2709936,1,6/30/1973
180,0.6488121752600374,-1.0563685601295774,False,0.28684986,1,7/31/1973
181,1.2097404298764693,-0.12510517519504527,False,0.17719257,1,8/31/1973
182,1.225688718101382,0.24446530372123645,False,0.19518444,1,9/30/1973
183,-0.9158297948830613,0.08134522345372287,True,0.64137864,1,10/31/1973
184,1.1817802913735411,-0.7330792517999418,False,0.17000127,1,11/30/1973
185,-1.049349037052346,-0.6952408125989195,True,0.76786906,1,12/31/1973
186,0.15635668970131422,0.4368271704596381,False,0.27217227,1,1/31/1974
187,-1.084874803720774,0.3580335129235695,True,0.6616951,1,2/28/1974
188,-1.7257977158287796,-0.6220608149438703,True,0.88242143,1,3/31/1974
189,0.8899453449017829,0.7997878383475053,False,0.27251056,1,4/30/1974
190,1.5801517970102295,0.4490053194994032,False,0.18661866,1,5/31/1974
191,-1.1573075405680524,-1.3150499508654825,True,0.85887074,1,6/30/1974
192,-1.584500113373357,-1.5885395751162132,False,0.9244729,0,7/31/1974
193,-1.6343309089884273,-0.7226862130983036,True,0.8758538,1,8/31/1974
194,0.9516238858520627,-1.7203262617323756,False,0.3033115,1,9/30/1974
195,0.36617952508324164,-1.1790452210606785,False,0.43987992,1,10/31/1974
196,0.7810866835153271,-0.5864157373552326,False,0.20641038,1,11/30/1974
197,-1.3618109941919827,-0.45153855860529846,True,0.80956787,1,12/31/1974
198,0.6602906486904188,0.5451236771391476,False,0.26990467,1,1/31/1975
199,0.5717326191548471,-1.3208322627076015,False,0.37693518,1,2/28/1975
200,0.9094074084196668,-0.17669673920335754,False,0.1967892,1,3/31/1975
201,0.8156094766755353,-0.8226967014473602,False,0.2104328,1,4/30/1975
202,0.8054757826289398,0.4272064757958458,False,0.24709588,1,5/31/1975
203,-0.6476374475562905,-1.1851386112388698,True,0.76023865,1,6/30/1975
204,0.2172986366070909,0.05331865757869612,False,0.26853245,1,7/31/1975
205,1.6450346137820828,0.47003929414148987,False,0.18386042,1,8/31/1975
206,0.6316456276852113,0.47501886897257267,False,0.26628488,1,9/30/1975
207,-1.2283007240843702,-0.030410951458018916,True,0.7399622,1,10/31/1975
208,1.1209093651434932,-0.04912277906728807,False,0.18568441,1,11/30/1975
209,0.6564976921632438,0.6350363357126999,False,0.27374706,1,12/31/1975
210,1.302953058529656,0.7541918879660826,False,0.23835564,1,1/31/1976
211,-0.058799687237108565,1.6760393908348084,False,0.2235091,1,2/29/1976
212,1.6451964792005453,0.777842802705759,False,0.21320453,1,3/31/1976
213,0.21706691304073483,-1.6208662334510773,True,0.6270757,1,4/30/1976
214,-0.7248647022992958,-1.4808222878619237,True,0.8185231,1,5/31/1976
215,0.6950303231134041,-0.08930929259007571,False,0.21504119,1,6/30/1976
216,1.5135526283316136,-0.6104311396635873,False,0.14932954,1,7/31/1976
217,-1.048428302788019,-1.066870256210804,True,0.8130146,1,8/31/1976
218,-0.024865499724398332,-0.950462578969824,False,0.5722499,0,9/30/1976
219,-1.532030445902549,0.4259298182638768,True,0.77406085,1,10/31/1976
220,1.2800277634965775,-1.0772648899250066,False,0.16152439,1,11/30/1976
221,0.46364353373999384,0.3586157118112037,False,0.26893085,1,12/31/1976
222,-1.6750048795549461,0.663963109834128,True,0.788583,1,1/31/1977
223,0.3478965545495525,-0.3740643888120761,False,0.27033272,1,2/28/1977
224,1.4356416169578807,1.2461816640259362,False,0.2699294,1,3/31/1977
225,-1.0629048569564878,-0.05254353881920615,True,0.6982225,1,4/30/1977
226,0.5278555073659933,1.0059395415025203,False,0.25634587,1,5/31/1977
227,0.24630274954364997,0.827866444797492,False,0.25440082,1,6/30/1977
228,-0.016256949684253688,1.3857538087588193,False,0.23411682,1,7/31/1977
229,-0.7818155515034686,0.26918224835458926,False,0.57572913,0,8/31/1977
230,1.2242692140117373,0.035479603648780646,False,0.18244714,1,9/30/1977
231,-1.509866011373383,0.9779104980062163,True,0.717073,1,10/31/1977
232,-1.0755568446338848,-1.5564227934126258,True,0.8742546,1,11/30/1977
233,0.4178888190550409,-0.15959123313108806,False,0.24148107,1,12/31/1977
234,1.5866410745164388,-0.9567360915130028,False,0.14125806,1,1/31/1978
235,1.542636173688103,0.03224118945318049,False,0.1624076,1,2/28/1978
236,1.6794215814491245,1.758160011206803,True,0.27157563,0,3/31/1978
237,-1.511741598173912,0.6048909597091487,True,0.75538963,1,4/30/1978
238,0.03350468774337653,1.6378470992368936,False,0.22295958,1,5/31/1978
239,-1.510634875165771,1.3385356165444695,True,0.65379137,1,6/30/1978
240,1.3183931702287937,-0.5151661962162613,False,0.16277412,1,7/31/1978
241,-1.4109846596021514,0.8042450895535934,True,0.7101141,1,8/31/1978
242,-0.4064562110541833,0.46845360073178255,False,0.39152145,1,9/30/1978
243,0.854614343538664,1.675640227096383,False,0.24058983,1,10/31/1978
244,-0.019498808669223665,1.2181899620724106,False,0.24110675,1,11/30/1978
245,-0.9521400845589084,0.8291426829587207,False,0.53839165,0,12/31/1978
246,-0.732405472268245,-0.4615358552126266,True,0.6556349,1,1/31/1979
247,0.8506326001713986,-0.7928144691778592,False,0.20292151,1,2/28/1979
248,0.6644708875761828,1.596945528772197,False,0.23464867,1,3/31/1979
249,0.7740331942452509,1.6020987072975557,False,0.23997986,1,4/30/1979
250,-0.38668267037115145,-1.506947868982186,True,0.76796675,1,5/31/1979
251,0.4852522066513158,0.035680594533493135,False,0.23776475,1,6/30/1979
252,0.8690574584492634,0.28472894285707273,False,0.22594586,1,7/31/1979
253,0.1519312342459405,-1.6879877539807366,True,0.669199,1,8/31/1979
254,-0.4283044886327267,-0.8669297127150506,True,0.6532267,1,9/30/1979
255,1.2525495015090715,0.9044214030593033,False,0.25671846,1,10/31/1979
256,-0.6773293754977765,-1.6780317276655072,True,0.83774495,1,11/30/1979
257,0.9859702383574346,1.4440059715223532,False,0.25981462,1,12/31/1979
258,0.7974709406249284,-0.14888940596290115,False,0.2058703,1,1/31/1980
259,-0.011820769647768598,1.44384051660514,False,0.23167044,1,2/29/1980
260,0.09984412047320254,-1.3586233112602824,True,0.6165389,1,3/31/1980
261,0.9371387750597968,0.8249630972952463,False,0.27193135,1,4/30/1980
262,0.28314873763172754,-1.564184354415907,True,0.5827804,1,5/31/1980
263,-1.6269944716146751,-0.8921405128943587,True,0.88618124,1,6/30/1980
264,0.06883635241066557,0.46069310482490006,False,0.27309436,1,7/31/1980
265,0.6997425075062244,-0.06387072496749112,False,0.21552774,1,8/31/1980
266,0.029876347601433702,-1.3246774414408944,True,0.63708466,1,9/30/1980
267,0.11001459299050374,0.8582789599626067,False,0.2529456,1,10/31/1980
268,-1.2865895101661513,-1.4573880053072898,True,0.8879749,1,11/30/1980
269,0.12870561603099862,-0.4811585701073155,False,0.3866999,1,12/31/1980
270,-0.17340343027037144,-0.0421953166367215,False,0.41333452,1,1/31/1981
271,1.1263370766912606,-1.2980481364021108,False,0.19021073,1,2/28/1981
272,-0.8272330580580781,1.440040147372243,False,0.35872835,1,3/31/1981
273,-0.25604477089705646,-0.04543235691060765,False,0.44137102,1,4/30/1981
274,0.186085816787993,-0.8118850044092859,False,0.4405784,1,5/31/1981
275,0.2280686348531779,-0.8576806156209392,False,0.42944852,1,6/30/1981
276,0.24701142371919552,-0.4518459082266294,False,0.3211219,1,7/31/1981
277,-1.0601036414050702,1.7211932384761923,False,0.3885944,1,8/31/1981
278,-0.2940305407240152,1.4448467624800196,False,0.24635756,1,9/30/1981
279,0.4280212283861908,0.664202488056436,False,0.26915964,1,10/31/1981
280,0.014608820665258255,-0.6315074935614038,False,0.47978294,1,11/30/1981
281,-0.9832275800371779,1.2987237291850773,False,0.4489177,1,12/31/1981
282,-0.6613079178407311,-1.1966207785639964,True,0.7646944,1,1/31/1982
283,0.2280839554339745,0.6780598028043819,False,0.2609653,1,2/28/1982
284,-1.3357798035645467,-0.7014190174386273,True,0.8264953,1,3/31/1982
285,-0.7404663879121687,0.8434728741874719,False,0.44803354,1,4/30/1982
286,0.9291704863521809,0.8182310826859253,False,0.2719588,1,5/31/1982
287,-0.8948760493085808,1.0567588492074513,False,0.46568662,1,6/30/1982
288,-0.45887660549836157,-1.0810925024638183,True,0.7030748,1,7/31/1982
289,-0.4349994218513995,0.0626867401535562,False,0.48583487,1,8/31/1982
290,0.9972013691537869,1.5781545102805852,False,0.25379038,1,9/30/1982
291,0.3474704846068367,-1.6781228556990893,True,0.5801117,1,10/31/1982
292,1.1781752244802892,-1.157907942596027,False,0.17337817,1,11/30/1982
293,-1.0056183810787567,0.8719036222122933,False,0.5511452,0,12/31/1982
294,-0.09547773543695336,0.002590881485883891,False,0.37847358,1,1/31/1983
295,0.19388119780824817,-1.4723233309673838,True,0.60251373,1,2/28/1983
296,-1.4711950972135515,-1.4823113242120969,False,0.9079858,0,3/31/1983
297,0.3446767434460958,-0.8201334285217021,False,0.36218983,1,4/30/1983
298,1.131427672622161,-0.1780395186918381,False,0.18082342,1,5/31/1983
299,-1.5658548042089564,-1.2648666460858822,False,0.9025079,0,6/30/1983
300,-0.8671767464429353,0.6462458050205929,False,0.54429084,0,7/31/1983
301,-1.6798638723615633,-1.6495908094615614,False,0.93477345,0,8/31/1983
302,0.9551910117467736,-0.09916805647796562,False,0.19520825,1,9/30/1983
303,0.03867458866998504,-0.8481565236213134,False,0.5218119,0,10/31/1983
304,1.3980553482505431,0.4721792588040936,False,0.20255598,1,11/30/1983
305,0.5246177416659691,-0.6057427502560968,False,0.25252348,1,12/31/1983
306,-0.06865206874846913,-1.2961506048758689,True,0.662418,1,1/31/1984
307,-0.8893391910595908,-0.19013760652337255,True,0.6653036,1,2/29/1984
308,-1.6760465533704283,-1.1246772121889452,False,0.90615535,0,3/31/1984
309,-1.3667085267164316,1.1167042415138249,True,0.6440021,1,4/30/1984
310,-1.2736834263709493,-1.4611896203695827,True,0.88696206,1,5/31/1984
311,-0.3901686427461637,0.8976764423524016,False,0.30471295,1,6/30/1984
312,-0.9189026963315583,0.7611071447779486,False,0.53983366,0,7/31/1984
313,-1.3203712773626763,-1.4213146185911216,True,0.88834006,1,8/31/1984
314,-0.754036119748514,-0.3902808482165173,True,0.6513133,1,9/30/1984
315,-1.379848488071006,-0.953261847076839,True,0.8559747,1,10/31/1984
316,1.4271510914216168,-1.3190418251327904,False,0.15057677,1,11/30/1984
317,0.2615540394919515,-1.6448197162837699,True,0.61245966,1,12/31/1984
318,-1.6135824281260567,0.7279445980872938,True,0.76951444,1,1/31/1985
319,-0.8040505755606531,-0.3731747367764428,True,0.6632583,1,2/28/1985
320,1.2414957818862888,1.0830693605413555,False,0.27081054,1,3/31/1985
321,-0.10857474260988897,-1.377411550324059,True,0.6886108,1,4/30/1985
322,-1.3072339290774253,0.6818007091266222,True,0.6931611,1,5/31/1985
323,0.1337428124851154,0.7166102545613953,False,0.2590792,1,6/30/1985
324,0.6835327901613504,0.6067555873018264,False,0.27245614,1,7/31/1985
325,0.26278831240096595,-0.19201968099165978,False,0.270361,1,8/31/1985
326,-1.3625675414732508,1.1265826614311403,True,0.64039475,1,9/30/1985
327,-0.2089908126596084,0.05496297340289013,False,0.40945458,1,10/31/1985
328,0.8964070132446724,-0.05478230652634584,False,0.20103946,1,11/30/1985
329,1.0403660433886972,-1.6325038802848042,False,0.25565606,1,12/31/1985
330,-1.167689821816765,0.7502404698150426,False,0.63944906,0,1/31/1986
331,-1.7460983703716486,-1.6261898975878433,False,0.93803227,0,2/28/1986
332,-1.1787206679188962,-0.9794888474833686,True,0.8249197,1,3/31/1986
333,-0.31904293280215784,-0.2748141459182114,False,0.4990416,1,4/30/1986
334,0.8590039805688416,1.0923970957906834,False,0.26949656,1,5/31/1986
335,0.04202965622145185,-0.8449394341646536,False,0.5195696,0,6/30/1986
336,1.3307285872632297,0.003206980970599154,False,0.17422974,1,7/31/1986
337,0.6755758142809123,1.600003369647662,False,0.23504427,1,8/31/1986
338,0.8616597195514151,0.48849902203109946,False,0.2488176,1,9/30/1986
339,-1.1682378664142494,-1.044303950015005,True,0.8299624,1,10/31/1986
340,0.23826528519322104,1.2894659042664378,False,0.23436889,1,11/30/1986
341,-0.6733339698101404,1.2338281004525482,False,0.34236628,1,12/31/1986
342,-0.6990010884883361,-1.663839147944317,True,0.838796,1,1/31/1987
343,1.243456269875079,-0.9472996479980972,False,0.16427189,1,2/28/1987
344,-0.5209112622389129,0.15182662829976548,False,0.50236416,0,3/31/1987
345,0.590678085675068,-0.8882376206756313,False,0.27673343,1,4/30/1987
346,-1.1456211073159843,1.3085288592401316,False,0.5152265,0,5/31/1987
347,-0.20544667723654755,1.5520453583161444,False,0.23469758,1,6/30/1987
348,0.8490595132377337,1.1592438477697466,False,0.26630875,1,7/31/1987
349,1.0260281686668644,0.0026197250684313906,False,0.19450662,1,8/31/1987
350,-1.2132374599219005,1.2733024926286092,False,0.5510242,0,9/30/1987
351,-0.7534671461589195,-0.029513763031885437,False,0.6035352,0,10/31/1987
352,0.6128684396874575,-1.5742883361320612,False,0.41958436,1,11/30/1987
353,0.3562941145152748,1.3607383721756707,False,0.23374045,1,12/31/1987
354,-1.6171314650178288,-1.3293372329223383,False,0.9115814,0,1/31/1988
355,0.8856565667617734,-1.3512939530400658,False,0.25839072,1,2/29/1988
356,-1.3413210937327167,1.1035755123622129,True,0.63693744,1,3/31/1988
357,0.8117391038240002,1.4708629176667847,False,0.24850199,1,4/30/1988
358,0.23112532375132294,0.9787871934161329,False,0.24765712,1,5/31/1988
359,-0.7016039429276264,-0.8987206293159202,True,0.72134054,1,6/30/1988
360,1.1559293623820697,-0.9599699382523813,False,0.17199,1,7/31/1988
361,0.7769767548716144,0.8200601234251145,False,0.27401286,1,8/31/1988
362,0.1634270059508684,-0.1389551290214201,False,0.28883964,1,9/30/1988
363,-0.7475432708730088,-0.7927862414912525,True,0.71189964,1,10/31/1988
364,-1.182567544092967,-1.6812935459068563,False,0.8970017,0,11/30/1988
365,-0.3829074432662336,-1.3528325716455034,True,0.74009866,1,12/31/1988
366,1.0335508199587409,0.7278799167306893,False,0.25784022,1,1/31/1989
367,-1.4633662524979045,-0.9394948286397518,True,0.8673558,1,2/28/1989
368,-1.0471629785161483,0.3769054155726891,False,0.6484696,0,3/31/1989
369,1.558440542363434,-0.057574262843089724,False,0.15810329,1,4/30/1989
370,-1.5376569846209007,1.3346836541823814,True,0.66465235,1,5/31/1989
371,-1.2402008547391976,-1.3158102893192067,True,0.8692901,1,6/30/1989
372,-0.9416468115760576,-0.36423773398350223,True,0.700843,1,7/31/1989
373,-0.5147370507225202,0.3269011891179489,False,0.47056535,1,8/31/1989
374,0.004445738752844011,0.05243861246692505,False,0.3146237,1,9/30/1989
375,0.24818795250911105,-1.7152860325566086,True,0.63531584,1,10/31/1989
376,0.06347124281227587,1.72585712189306,False,0.21890947,1,11/30/1989
377,0.05505677731789747,1.3075681966836252,False,0.23534864,1,12/31/1989
378,-1.6626720005317301,0.498086161771601,True,0.79754424,1,1/31/1990
379,1.2543030281235048,0.45588294173537935,False,0.2123833,1,2/28/1990
380,0.3384758950306536,0.7485702126643866,False,0.26046842,1,3/31/1990
381,-0.08438346000076904,0.44587092503959813,False,0.28691506,1,4/30/1990
382,-1.5260211108564448,-1.6229135505191739,False,0.9221843,0,5/31/1990
383,1.4605199063881626,-1.0161104008883934,False,0.14860761,1,6/30/1990
384,1.3651376272493065,-1.2612494874711233,False,0.15546355,1,7/31/1990
385,1.125021809106441,-1.6541515329403862,False,0.23285294,1,8/31/1990
386,-1.1527306440429133,-1.5391731168042293,True,0.8812351,1,9/30/1990
387,-0.160465272227461,-0.8494216774102977,False,0.5855339,0,10/31/1990
388,0.3340657950668222,-0.16816187259249948,False,0.25506413,1,11/30/1990
389,1.1546347322846329,-0.9744369829629203,False,0.17222634,1,12/31/1990
390,-0.9390652806203048,-0.30687434766564586,True,0.6933874,1,1/31/1991
391,-0.5173831997232208,-0.8983202513325063,True,0.68033636,1,2/28/1991
392,1.1696984398135744,0.012937082266306566,False,0.18510911,1,3/31/1991
393,-1.057412248077806,1.7128642056924868,False,0.38907683,1,4/30/1991
394,-1.3748314403538304,1.4592368851214677,False,0.577606,0,5/31/1991
395,1.7034336200705198,0.20457609422359502,False,0.16174975,1,6/30/1991
396,-0.6808320613923431,-1.5401414842014078,True,0.81993824,1,7/31/1991
397,0.09150489461818334,-0.5328415516729427,False,0.41974053,1,8/31/1991
398,1.705530244258114,-1.7207338427153247,False,0.13299015,1,9/30/1991
399,1.6965581686219005,-0.20537765678961958,False,0.1457254,1,10/31/1991
400,-0.9831732344791829,0.9134931431787483,False,0.53287274,0,11/30/1991
401,-1.7632146848743355,-0.4473693712305561,True,0.8774339,1,12/31/1991
402,0.21512227627607788,-0.8779378051065873,False,0.4417559,1,1/31/1992
403,-0.4871039229210857,-1.2171647913156622,True,0.7344225,1,2/29/1992
404,-1.563588992073967,0.648033766728816,True,0.764284,1,3/31/1992
405,-0.8797808051574162,0.6672540927661645,False,0.54479223,0,4/30/1992
406,0.6890489829943608,-1.4429333346656237,False,0.35209253,1,5/31/1992
407,0.3572709660579461,0.2096573936568816,False,0.26443172,1,6/30/1992
408,-0.26451843977970846,-0.456986886397355,False,0.52066696,0,7/31/1992
409,0.2901608000652941,-1.2768871643679778,False,0.5061256,0,8/31/1992
410,-1.1916590197164458,-0.6041663479261795,True,0.7885212,1,9/30/1992
411,0.7707984692711862,-0.8137561980492862,False,0.2178022,1,10/31/1992
412,-0.2180269564965233,1.3579380372175676,False,0.2451258,1,11/30/1992
413,0.7454865779047816,1.3309403298982998,False,0.25191426,1,12/31/1992
414,0.17964084450928486,-1.4721598360381072,True,0.6088689,1,1/31/1993
415,-1.6700702770550642,0.741578398758802,True,0.78145033,1,2/28/1993
416,-0.3262058690058703,0.7639557003524277,False,0.3051415,1,3/31/1993
417,-1.4132705715990381,-0.7821682954898805,True,0.84700066,1,4/30/1993
418,0.860813229970192,-1.713297411599949,False,0.33798212,1,5/31/1993
419,1.4158451713345264,-0.6688280151622386,False,0.15475899,1,6/30/1993
420,0.8524990857404964,-1.266202520872007,False,0.25482604,1,7/31/1993
421,1.297423747983909,-0.4210812304304089,False,0.16544732,1,8/31/1993
422,-1.5355402500981854,-0.6221905092933552,True,0.8542396,1,9/30/1993
423,-0.11706200399142018,0.5123775515560843,False,0.28630427,1,10/31/1993
424,0.7714366132669817,-0.5721432245181299,False,0.20722687,1,11/30/1993
425,0.33464333226236276,1.6203219943147287,False,0.22206604,1,12/31/1993
426,-0.337068850277872,-0.9575660630565077,True,0.6512795,1,1/31/1994
427,-1.390486485296129,-1.2016429326853881,True,0.87729114,1,2/28/1994
428,-0.7330862405391312,-0.8333284568534439,True,0.7161679,1,3/31/1994
429,-1.138125553745002,0.4426345848867386,True,0.66923726,1,4/30/1994
430,0.5348687707292156,-0.7131690784417123,False,0.26521316,1,5/31/1994
431,1.5110798740231777,1.465940103524852,True,0.27267238,0,6/30/1994
432,-0.8098347712070603,0.1960404888885459,False,0.5938743,0,7/31/1994
433,-1.2105108905271629,0.6599013796314995,True,0.6670916,1,8/31/1994
434,-1.0428367149628306,-1.645140696331505,True,0.8791748,1,9/30/1994
435,-0.8838054573223507,1.7630265577272763,False,0.32629165,1,10/31/1994
436,-0.1295157492532253,-1.7115696567906413,True,0.75585127,1,11/30/1994
437,-0.792206785612943,-1.134172918579928,True,0.7788849,1,12/31/1994
438,-0.4903302274232621,0.9650626963646078,False,0.32570216,1,1/31/1995
439,1.1263043670679784,1.7025430899501526,True,0.25480866,0,2/28/1995
440,0.9313910698704424,1.269257603933785,False,0.26529497,1,3/31/1995
441,-1.562792150809891,1.6454123087539452,True,0.61389714,1,4/30/1995
442,0.6840070404243518,-1.0877011799629517,False,0.28029287,1,5/31/1995
443,-1.3756678320018296,0.6974312988334346,True,0.71096146,1,6/30/1995
444,0.008311836783555288,0.1592798131884813,False,0.2965517,1,7/31/1995
445,-0.7958897697997573,-1.0291715516913833,True,0.76280516,1,8/31/1995
446,0.1550379991178684,-1.0770946025934889,False,0.5243198,0,9/30/1995
447,1.6837290647667362,0.4643559888878646,False,0.18061984,1,10/31/1995
448,1.6174193986843208,-0.8272515589998886,False,0.14058653,1,11/30/1995
449,-1.5761808529738637,-0.12885414080519417,True,0.82514536,1,12/31/1995
450,1.2295009715433007,0.4611932140834845,False,0.21489084,1,1/31/1996
451,1.4390314032460507,0.7828764447779318,False,0.23019683,1,2/29/1996
452,-1.3012351789694494,-0.5817059968884626,True,0.8087435,1,3/31/1996
453,1.4921607179865326,1.339732802443809,True,0.2710787,0,4/30/1996
454,-1.4097925571285321,1.473896233250045,False,0.5885113,0,5/31/1996
455,1.1453860221531222,-1.307826851364595,False,0.18753791,1,6/30/1996
456,0.2219731523051875,0.838306145951417,False,0.25365415,1,7/31/1996
457,-1.6728128809553493,-0.7445861479612311,True,0.8824749,1,8/31/1996
458,-0.6866712449544679,1.5678628803370789,False,0.29822242,1,9/30/1996
459,-0.07359967899223815,-0.5360545035722571,False,0.4882626,1,10/31/1996
460,0.5183306026145831,0.995967101823673,False,0.25638375,1,11/30/1996
461,1.412223239059976,-1.2628320908729913,False,0.15134236,1,12/31/1996
462,-0.49999336301822506,0.9909616119864677,False,0.32461494,1,1/31/1997
463,0.3294755434358755,-0.526527377714849,False,0.30317488,1,2/28/1997
464,-1.1593849760642148,0.04208883387504025,True,0.71546125,1,3/31/1997
465,0.5641262309480825,-0.2890411824729874,False,0.22682604,1,4/30/1997
466,0.3731316422751861,0.6650605714770546,False,0.26645112,1,5/31/1997
467,-1.639011806370857,-1.3958533803829114,False,0.9174586,0,6/30/1997
468,-0.35140925253770094,1.0559547189731189,False,0.27961817,1,7/31/1997
469,1.2753547733980726,0.9268787483142669,False,0.256965,1,8/31/1997
470,1.2603371428169818,0.9022367096120109,False,0.25592133,1,9/30/1997
471,0.16600778632558624,1.3225621991535734,False,0.23301584,1,10/31/1997
472,-0.42149581096760896,-1.6376993064641958,True,0.7951064,1,11/30/1997
473,-1.1412725026308888,-0.3920259358466307,True,0.7551993,1,12/31/1997
474,1.528488784214144,-0.4161698463345105,False,0.15106007,1,1/31/1998
475,1.2453745542632648,-1.420607413883785,False,0.1787448,1,2/28/1998
476,-1.4072754364987898,1.2856677283951534,True,0.6249223,1,3/31/1998
477,0.3557861090521543,-1.1279315256242013,False,0.4321318,1,4/30/1998
478,0.8481190142546692,0.06594735994212014,False,0.21079281,1,5/31/1998
479,0.2560768506896917,1.5048439181204456,False,0.22563466,1,6/30/1998
480,-0.8738556154819258,1.211800380342083,False,0.42273533,1,7/31/1998
481,1.541996950950262,-0.47182391962749604,False,0.14940533,1,8/31/1998
482,-1.1081655549141645,-1.092904165343804,True,0.82607114,1,9/30/1998
483,1.3769734505648237,0.7048150067997166,False,0.22749206,1,10/31/1998
484,-1.739233573682649,-0.9264582347133742,True,0.9016892,1,11/30/1998
485,-1.259221496313898,1.4457798904521892,False,0.53250426,0,12/31/1998
486,-1.7147161164843971,-1.0875721330938146,False,0.9081584,0,1/31/1999
487,-0.1709991917916528,0.46197842174851467,False,0.30330858,1,2/28/1999
488,-0.6031043663448332,-1.2345576663623186,True,0.76023066,1,3/31/1999
489,0.10455770827800426,0.7030806192648931,False,0.26007253,1,4/30/1999
490,-0.9350870283276203,-0.3528452698842541,True,0.69767845,1,5/31/1999
491,-0.20111154809933265,-0.6022139279642599,False,0.53776723,0,6/30/1999
492,-1.5347247804601476,-1.2539534508005221,False,0.89837784,0,7/31/1999
493,1.029502529727822,0.7034494760099032,False,0.2558596,1,8/31/1999
494,-1.5980022754611967,-0.73230531625891,True,0.8712635,1,9/30/1999
495,-1.7512284521015917,-1.3540284257356725,False,0.92521065,0,10/31/1999
496,0.011534524532466388,1.2009039932254313,False,0.24107978,1,11/30/1999
497,-0.7352170615477789,-0.6784649512300983,True,0.6894361,1,12/31/1999
498,0.5940672941903948,0.03569056292334911,False,0.2286053,1,1/31/2000
499,-1.3621963215488067,-0.9684733941702607,True,0.85448825,1,2/29/2000
500,-1.5913356618395211,0.780572162236775,True,0.7595531,1,3/31/2000
501,-1.1547542087672236,-1.4451150047832697,True,0.87221634,1,4/30/2000
502,0.13188245724298114,0.944494677708767,False,0.24886096,1,5/31/2000
503,-1.6623793367674966,0.7868520004348436,True,0.7759832,1,6/30/2000
504,1.2439432939799704,0.9859763151136105,False,0.26445174,1,7/31/2000
505,1.1248574126589073,1.1817041496761636,False,0.27333504,1,8/31/2000
506,-0.8620113280560882,-0.9581822730866482,True,0.7638077,1,9/30/2000
507,-1.089393437702239,-1.6556579635254898,True,0.8852674,1,10/31/2000
508,0.6253104182823889,-1.5299326826111421,False,0.40304005,1,11/30/2000
509,-1.3994231701637827,-0.4209733293219045,True,0.81454366,1,12/31/2000
510,1.4960956704811952,-1.197210841969028,False,0.14457706,1,1/31/2001
511,-1.6131878319662216,1.178754894238026,True,0.7189157,1,2/28/2001
512,0.28244193467215717,-0.2766890735370208,False,0.27510172,1,3/31/2001
513,0.6704779778613321,-0.29664738328654033,False,0.21498105,1,4/30/2001
514,-1.0578781441993366,-1.4241834724113063,True,0.85822964,1,5/31/2001
515,0.6312032840983384,1.164582809287742,False,0.25384116,1,6/30/2001
516,-0.7301983834987744,0.05238432413498459,False,0.58624667,0,7/31/2001
517,1.6756460069822856,-1.5854788126830806,False,0.13258162,1,8/31/2001
518,-0.18193235239040922,-0.3154763223683965,False,0.46604007,1,9/30/2001
519,-1.577882671537148,0.9115816039679049,True,0.7448157,1,10/31/2001
520,-0.8061669487571491,-0.24370792311577816,True,0.6474476,1,11/30/2001
521,-1.7594262807084136,0.5823913001219593,True,0.81166863,1,12/31/2001
522,0.3269588155520236,-1.7225128274331405,True,0.6006908,1,1/31/2002
523,-1.2506528824214171,0.6553334338515576,True,0.6795238,1,2/28/2002
524,-0.054092866880381174,0.2851414404794121,False,0.29680365,1,3/31/2002
525,-0.9029946916162301,0.4569895312719918,False,0.5937802,0,4/30/2002
526,0.7405860081454476,-1.2076790357676424,False,0.2823481,1,5/31/2002
527,0.26672691655963987,0.30735144297738076,False,0.27593702,1,6/30/2002
528,1.4492712486518786,-0.009713270037100211,False,0.16636384,1,7/31/2002
529,-0.8642715405074506,-1.1721805273753905,True,0.7972819,1,8/31/2002
530,-0.45931617891755483,0.4802019877612847,False,0.4102577,1,9/30/2002
531,-0.4728895973286573,0.5623081091356769,False,0.39868027,1,10/31/2002
532,-0.40467712977382053,1.2189693652252698,False,0.27491283,1,11/30/2002
533,1.5960374047365862,1.1766680949062174,True,0.25452864,0,12/31/2002
534,0.9188393964755793,1.054233481079834,False,0.27236918,1,1/31/2003
535,-0.9701732931438839,-1.1525613674812032,True,0.81194,1,2/28/2003
536,1.3278118223798088,-0.4142204637397518,False,0.16354984,1,3/31/2003
537,1.4617092945512953,-0.11621255024893574,False,0.16189316,1,4/30/2003
538,-1.2331570898573654,-1.1623095736610038,True,0.85267055,1,5/31/2003
539,0.4087281450967646,-0.7912285757335729,False,0.32649034,1,6/30/2003
540,1.1207039730071606,1.2293235480872722,False,0.272667,1,7/31/2003
541,-0.49701074424945474,-0.7623887798055561,True,0.64795506,1,8/31/2003
542,0.9726049403574493,-0.9910808215095686,False,0.19500428,1,9/30/2003
543,1.3504760600923689,0.5967213948427994,False,0.21897268,1,10/31/2003
544,1.071614927753749,-1.546490516816935,False,0.23206794,1,11/30/2003
545,-0.09877382128338241,1.3522061586550191,False,0.23819801,1,12/31/2003
546,0.32585555394432925,-1.7119771974157365,True,0.5986552,1,1/31/2004
547,0.04130679257327382,0.4519835588952316,False,0.27512732,1,2/29/2004
548,-0.4821597199661072,-0.4576282481437772,False,0.5816116,0,3/31/2004
549,-0.45969727509198727,0.7066161093760318,False,0.3641484,1,4/30/2004
550,-1.538429615282761,1.7740699527126365,True,0.5765262,1,5/31/2004
551,-1.5825544711792208,0.04867584447082174,True,0.814216,1,6/30/2004
552,-0.3036815395981989,1.1139159893461719,False,0.26697505,1,7/31/2004
553,0.3053097229792085,-0.05822659139757371,False,0.2534224,1,8/31/2004
554,0.26047277165411437,0.39565426361659667,False,0.27420026,1,9/30/2004
555,0.34303498009328287,0.0664408856064889,False,0.25420803,1,10/31/2004
556,-0.8013918359994778,1.6916682644554955,False,0.31208038,1,11/30/2004
557,1.5730524123281804,0.5097332804181148,False,0.1928831,1,12/31/2004
558,-1.4170958100928592,1.5223893353258307,False,0.58131117,0,1/31/2005
559,-1.6806804731077654,-1.574870415700824,False,0.93093085,0,2/28/2005
560,0.6084375049905295,0.7569171134491314,False,0.27154738,1,3/31/2005
561,0.17634144737861618,-0.792367999016178,False,0.44088694,1,4/30/2005
562,0.03589529183032099,0.17843071143469622,False,0.29117656,1,5/31/2005
563,-0.3264056056013824,1.6643153255535534,False,0.2376461,1,6/30/2005
564,-0.41324038137574587,-1.1033660949016535,True,0.69783205,1,7/31/2005
565,-0.3975510244069325,0.9208859404355519,False,0.3037744,1,8/31/2005
566,-0.5713176679763552,0.5804793643513365,False,0.43475357,1,9/30/2005
567,-0.718889061359505,-0.7349127740155772,True,0.6951027,1,10/31/2005
568,-0.8609768301444062,0.26482345451924727,False,0.6020723,0,11/30/2005
569,0.13625393021211643,-0.7856076584576501,False,0.46028435,1,12/31/2005
570,0.9795667679733396,0.9463242834579074,False,0.2734551,1,1/31/2006
571,0.2516639857947926,1.4584916545425295,False,0.2274591,1,2/28/2006
572,-1.752765783449403,1.0682072247262329,True,0.77384067,1,3/31/2006
573,0.047713073272406155,1.3428749807053044,False,0.23412034,1,4/30/2006
574,1.5552054211524042,1.1999014041230316,True,0.259694,0,5/31/2006
575,0.27704446455794346,1.104825261733921,False,0.24276632,1,6/30/2006
576,0.7103412702896746,-0.5877416455061907,False,0.21580511,1,7/31/2006
577,-1.4077871425009656,-0.8853081370764123,True,0.8547138,1,8/31/2006
578,-0.9095251201640575,-0.05877768666285505,True,0.6549373,1,9/30/2006
579,-0.3221319176312472,0.6440934680438062,False,0.3225766,1,10/31/2006
580,-0.6796973050553206,-0.6392132624640233,True,0.66873145,1,11/30/2006
581,-0.548787012741544,0.2871732671504572,False,0.49346572,1,12/31/2006
582,0.187618827931011,-0.45972678108286746,False,0.35095578,1,1/31/2007
583,0.5270957884434688,1.691880013340244,False,0.22515544,1,2/28/2007
584,-1.2278172800764606,0.516952607337029,True,0.6879592,1,3/31/2007
585,-0.298851463362332,-1.360846209557484,True,0.7251264,1,4/30/2007
586,-0.614141334046241,-0.07469019001505199,False,0.56495315,0,5/31/2007
587,-0.46451106371939876,0.8333924614578594,False,0.3395725,1,6/30/2007
588,0.018967128792150453,-1.1866959944915738,False,0.6101952,0,7/31/2007
589,0.1554712449643845,-0.3787344978665443,False,0.34713528,1,8/31/2007
590,-0.18669611042800743,-0.6632786927187229,False,0.5485832,0,9/30/2007
591,0.5617369744159261,0.005407050760139214,False,0.22967348,1,10/31/2007
592,-0.6072394621451966,-0.7272952133435615,True,0.66756773,1,11/30/2007
593,-0.6171867747020878,-0.4093687987391461,True,0.61400294,1,12/31/2007
594,-1.300796310747321,-0.5075649945124954,True,0.80194974,1,1/31/2008
595,1.7065690222272314,-1.5217329511265207,False,0.12969625,1,2/29/2008
596,0.04597439768923831,1.6309663975212139,False,0.22292745,1,3/31/2008
597,-1.2921604552673451,1.0662970804933751,False,0.6254735,0,4/30/2008
598,-1.2495312472882056,0.7431969768004918,True,0.6684662,1,5/31/2008
599,-0.907160393667441,-0.26788596406503595,True,0.6798723,1,6/30/2008
600,-1.2258293871522141,-1.2697379916815634,True,0.86277217,1,7/31/2008
601,0.6063225893176707,0.21520838305522283,False,0.24104664,1,8/31/2008
602,-0.15822084466981443,-0.6816044413076014,False,0.5457642,0,9/30/2008
603,-0.6287922551712455,-0.38312991031267735,True,0.61338514,1,10/31/2008
604,-0.3935802081031042,-0.4885280440340777,False,0.5628667,0,11/30/2008
605,0.980656114157756,1.376832513944402,False,0.26271033,1,12/31/2008
606,-1.5315040197844048,1.328974316358451,True,0.66348875,1,1/31/2009
607,0.3955680768981439,1.0047114134122426,False,0.2503902,1,2/28/2009
608,0.07176066150625492,-1.1772711354353602,False,0.58611447,0,3/31/2009
609,1.3470556204238446,-0.13182218370155888,False,0.16831306,1,4/30/2009
610,-0.5284664119440594,0.23233119913733727,False,0.49505064,1,5/31/2009
611,-0.9873594047006594,-1.3072859631269131,True,0.83490586,1,6/30/2009
612,0.5230520750113249,1.7520069036880086,False,0.22249824,1,7/31/2009
613,-1.0956247439978586,0.7507282453626085,False,0.6129097,0,8/31/2009
614,1.4068530604212954,-1.2140965925093188,False,0.15147486,1,9/30/2009
615,-0.381030974969373,0.6492050586783045,False,0.34463298,1,10/31/2009
616,-1.2196835266524895,0.13953806368174362,True,0.72252,1,11/30/2009
617,-0.37826715755439894,1.649302681264589,False,0.24252373,1,12/31/2009
618,-1.7257870313950259,0.5269927166083415,True,0.8086568,1,1/31/2010
619,-1.5164090828478034,1.407161537483724,True,0.64260864,1,2/28/2010
620,1.2856631433613037,1.3436683248645718,False,0.27291673,1,3/31/2010
621,-1.262273337854988,-0.9977848172403082,True,0.8410678,1,4/30/2010
622,-0.7130618661474898,0.6678512187955881,False,0.4743581,1,5/31/2010
623,0.9871437892607329,-0.0706056137578689,False,0.19393116,1,6/30/2010
624,0.20035450190271448,0.3403242902089036,False,0.27582216,1,7/31/2010
625,-1.3685886658782136,-0.42209406340888306,True,0.80848336,1,8/31/2010
626,-0.24837097353121673,1.5532782468784658,False,0.23757684,1,9/30/2010
627,0.3248051192771872,0.8379644026653144,False,0.2555472,1,10/31/2010
628,1.0793558445194738,1.2564752100901473,False,0.27134347,1,11/30/2010
629,0.6045577306751491,1.1639664185246046,False,0.25231773,1,12/31/2010
630,1.1511149680532182,0.1351544883695602,False,0.19299021,1,1/31/2011
631,-1.7140518103756954,0.6328706946817172,True,0.79908365,1,2/28/2011
632,1.5185362402819937,-0.538870228910122,False,0.14995334,1,3/31/2011
633,-0.481718456866817,0.3887003948669063,False,0.4412535,1,4/30/2011
634,1.3552885203659024,0.5757452652878439,False,0.21642762,1,5/31/2011
635,-0.710806691316747,1.1739280124689508,False,0.36472717,1,6/30/2011
636,0.42602944989593583,0.5728453218828204,False,0.27208036,1,7/31/2011
637,0.4388901008465471,1.0003467255755756,False,0.25239897,1,8/31/2011
638,0.8075247466663608,-1.3040397861858943,False,0.27658698,1,9/30/2011
639,-0.17969619344290658,-0.9699806652515344,True,0.6176203,1,10/31/2011
640,-0.4870356270290671,-1.6036885254239068,True,0.8002318,1,11/30/2011
641,-0.27470654571471587,1.2431458813495344,False,0.25557107,1,12/31/2011
642,1.6628604839566472,1.663580400264815,True,0.27218342,0,1/31/2012
643,0.8389427264653316,-1.3800559179699392,False,0.2794006,1,2/29/2012
644,0.2913746379692515,1.324543053855436,False,0.2335495,1,3/31/2012
645,-0.5799748050469742,-0.6271369819109839,True,0.6407963,1,4/30/2012
646,0.43909829631576774,0.028205900663461604,False,0.2416277,1,5/31/2012
647,1.0228566234150207,0.6910973653192475,False,0.25522304,1,6/30/2012
648,0.3317775824517869,0.9240342566001832,False,0.2519314,1,7/31/2012
649,1.4071904151767713,-1.5612793943542036,False,0.16259912,1,8/31/2012
650,0.8419321353741611,1.6773990188498502,False,0.23979774,1,9/30/2012
651,1.2985986499330704,1.697599817885789,True,0.2636389,0,10/31/2012
652,-1.5919943647735209,0.08713909869826243,True,0.81343997,1,11/30/2012
653,0.5116499269444972,1.722307739906813,False,0.22337127,1,12/31/2012
654,1.4070247078307327,1.4536469135458618,True,0.27271077,0,1/31/2013
655,1.3184310867898126,1.6020554752628309,True,0.26846898,0,2/28/2013
656,-0.8795846486588864,1.547599640682759,False,0.35834643,1,3/31/2013
657,0.9612164773029772,-0.9935523505057037,False,0.19703263,1,4/30/2013
658,-1.535875075570128,0.7052809926156804,True,0.7525668,1,5/31/2013
659,0.898694607939507,1.2004324292522148,False,0.26689646,1,6/30/2013
660,1.2822957243879711,0.4735642262871712,False,0.21191755,1,7/31/2013
661,-0.266839939790869,1.7023817673262172,False,0.23161456,1,8/31/2013
662,-0.5722819324496264,1.3905461547332902,False,0.2919286,1,9/30/2013
663,0.8155342684558473,-0.6521398075422056,False,0.2039215,1,10/31/2013
664,1.258634779646063,1.2623945526376723,False,0.273374,1,11/30/2013
665,0.537965627931484,0.5600295292832385,False,0.27397165,1,12/31/2013
666,1.3204920863068499,-0.5087265444270462,False,0.16272423,1,1/31/2014
667,0.56904102159972,-1.6653388142022083,False,0.4628321,1,2/28/2014
668,1.0969234502331837,1.0253009024462347,False,0.2729748,1,3/31/2014
669,-0.6177728336106794,0.5463823438418268,False,0.461872,1,4/30/2014
670,0.04796849948962657,-0.8025763268403355,False,0.50669897,0,5/31/2014
671,-0.9181851391167425,-0.48844889000021,True,0.71007085,1,6/30/2014
672,0.2891905501446545,1.242666580951239,False,0.23706165,1,7/31/2014
673,0.5867548125704143,1.6020387793942374,False,0.23091033,1,8/31/2014
674,0.9167991234683268,1.5570941468662676,False,0.25027,1,9/30/2014
675,-0.3547032629402919,0.8703402256393926,False,0.29953516,1,10/31/2014
676,-0.02609276779226702,-0.568407731412349,False,0.48127046,1,11/30/2014
677,-0.8045165415036749,-1.3911075617496513,True,0.81830215,1,12/31/2014
678,0.8486883107686626,-1.0962156500655038,False,0.23013392,1,1/31/2015
679,-0.27008998883680485,-0.1510562928232798,False,0.46233007,1,2/28/2015
680,0.8219310150303003,-0.6764726155962119,False,0.2037017,1,3/31/2015
681,0.9564102869993901,0.38657057932715555,False,0.22956869,1,4/30/2015
682,0.5608396844629445,0.4201962323886493,False,0.26679283,1,5/31/2015
683,0.2903804270582286,0.19022493270314023,False,0.26936257,1,6/30/2015
684,-0.6560466083628438,0.5658801915372675,False,0.47357967,1,7/31/2015
685,0.598710842311425,-0.6886825753981138,False,0.2434971,1,8/31/2015
686,0.02259100559524208,0.1862847182432164,False,0.29231203,1,9/30/2015
687,-0.7736336107770625,0.5838401540873933,False,0.5192835,0,10/31/2015
688,-0.07030096436664995,-0.5241867766147694,False,0.48450944,1,11/30/2015
689,1.0669170829497683,1.5680789317199664,False,0.258089,1,12/31/2015
690,-0.13135691231285324,-0.7525777610132446,False,0.55565214,0,1/31/2016
691,0.9305925843102388,0.46732578647351924,False,0.24050233,1,2/29/2016
692,0.5635799615620223,-1.6291012675295224,False,0.4564498,1,3/31/2016
693,1.6735872120788458,1.1739660014920776,True,0.24815944,0,4/30/2016
694,-0.8419735741211167,0.6001672343687382,False,0.54412335,0,5/31/2016
695,1.6754119793067064,-0.31964486752685883,False,0.14417553,1,6/30/2016
696,1.0039690389113445,-1.608058245709457,False,0.26338276,1,7/31/2016
697,-0.6874599205951003,0.9729990700430856,False,0.3984673,1,8/31/2016
698,1.2464806453869066,0.7390105566222329,False,0.24145448,1,9/30/2016
699,0.751252120739705,1.1863599685410549,False,0.2597984,1,10/31/2016
700,-1.6655133006014813,-0.33807934894696523,True,0.85586345,1,11/30/2016
701,-0.3243579734089138,-0.4969536408787853,False,0.54586804,0,12/31/2016
702,0.41692875783556455,-1.6363127211575927,False,0.5323723,0,1/31/2017
703,-0.5701634227154871,0.5303057437019272,False,0.44529706,1,2/28/2017
704,-1.046750419032059,-1.2587129577649327,True,0.83738494,1,3/31/2017
705,0.9476742865539973,0.13639053186322495,False,0.20770618,1,4/30/2017
706,1.0810051608121414,-1.06506781656125,False,0.1824241,1,5/31/2017
707,0.4780497200636807,-1.0712228805586026,False,0.36036468,1,6/30/2017
708,-0.7763200275775121,-1.6360561294333509,True,0.8458646,1,7/31/2017
709,1.4588084053295292,-0.04573293694065816,False,0.16442934,1,8/31/2017
710,1.6636126255017945,-1.5074572658111818,False,0.13286147,1,9/30/2017
711,1.325771453368005,0.7125486366588815,False,0.23256329,1,10/31/2017
712,-1.5959402024387257,1.5764723879209508,True,0.63994646,1,11/30/2017
713,0.9713076919540771,-0.0049821592094684,False,0.19801044,1,12/31/2017
714,-0.22430851506519225,-1.2136275412511657,True,0.6803867,1,1/31/2018
715,1.6221861765014314,-0.8997798580339089,False,0.1395753,1,2/28/2018
716,0.055600121183459174,1.227645880883745,False,0.238599,1,3/31/2018
717,1.3275054561478468,0.5660821369729535,False,0.21770242,1,4/30/2018
718,-0.6705366852087002,-0.9811992501702883,True,0.7295522,1,5/31/2018
719,-0.045420960818749405,-0.18557569336520938,False,0.39701506,1,6/30/2018
720,-0.8493504800314061,-0.42717347830587227,True,0.6833346,1,7/31/2018
721,-1.2625858728157338,-1.6051882548506125,False,0.89834404,0,8/31/2018
722,0.20756926136303733,1.6778316620599274,False,0.2188906,1,9/30/2018
723,0.8738796692941005,-0.288767954539588,False,0.19752958,1,10/31/2018
724,0.41372178690441497,-0.2010859359523843,False,0.24407393,1,11/30/2018
725,0.1344670097237832,-0.4268709014394098,False,0.36993575,1,12/31/2018
726,-0.6443295671143912,0.09291139301922542,False,0.5528865,0,1/31/2019
727,0.7292327578147316,1.5942595205947778,False,0.23805365,1,2/28/2019
728,0.2241209731015048,0.5396547492948274,False,0.2674777,1,3/31/2019
729,-0.47352222368107827,-0.8831152966067466,True,0.6672234,1,4/30/2019
730,1.2057377540260195,-0.7171489629171023,False,0.1684112,1,5/31/2019
731,-0.3097148635632833,0.7226722831779077,False,0.30608878,1,6/30/2019
732,-0.0410053851044385,0.9865253275627046,False,0.25263247,1,7/31/2019
733,0.625419376465584,1.5373921498453929,False,0.23552012,1,8/31/2019
734,0.9843600639929635,1.2563302464344617,False,0.2685774,1,9/30/2019
735,-1.5027888124702933,-0.7397877149696135,True,0.85772836,1,10/31/2019
736,-1.5387734355083604,-0.021474096058978695,True,0.81022394,1,11/30/2019
